epoch,time,train/box_loss,train/pose_loss,train/kobj_loss,train/cls_loss,train/dfl_loss,metrics/precision(B),metrics/recall(B),metrics/mAP50(B),metrics/mAP50-95(B),metrics/precision(P),metrics/recall(P),metrics/mAP50(P),metrics/mAP50-95(P),val/box_loss,val/pose_loss,val/kobj_loss,val/cls_loss,val/dfl_loss,lr/pg0,lr/pg1,lr/pg2
1,0.589055,4.58119,9.26917,0.68479,8.18614,4.0326,0,0,0,0,0,0,0,0,4.78367,7.55153,0.70351,15.9527,4.55674,0,0,0
2,1.08815,1.98466,6.66251,0.70144,4.84449,2.2221,0,0,0,0,0,0,0,0,4.54991,7.70923,0.7038,14.4848,4.38539,1.9802e-05,1.9802e-05,1.9802e-05
3,1.75395,3.23327,7.795,0.71116,4.60367,3.89798,0.00206,0.5,0.00196,0.0002,0,0,0,0,4.09897,7.67216,0.70399,12.0857,4.11083,3.9208e-05,3.9208e-05,3.9208e-05
4,2.29303,2.60229,9.43928,0.70222,3.44832,2.68974,0.00222,0.5,0.0051,0.00204,0,0,0,0,3.56158,7.73773,0.70434,8.46548,3.8405,5.8218e-05,5.8218e-05,5.8218e-05
5,2.80871,1.7929,7.40691,0.70663,2.76836,2.26543,0.0116,0.5,0.03149,0.01552,0,0,0,0,2.84703,7.93888,0.70458,5.10083,3.43391,7.6832e-05,7.6832e-05,7.6832e-05
6,3.32711,1.73656,9.34797,0.712,3.26028,2.28917,0.24205,0.5,0.16723,0.11001,0,0,0,0,2.19113,7.75132,0.70492,3.1274,3.02344,9.505e-05,9.505e-05,9.505e-05
7,3.85413,1.26061,7.54401,0.70299,2.2732,1.55334,0.92506,0.5,0.66167,0.48217,0,0,0,0,1.80668,7.54562,0.70518,1.88806,2.73886,0.000112872,0.000112872,0.000112872
8,4.36682,1.7656,4.55702,0.71467,1.59727,2.3439,1,0.98874,0.995,0.596,0,0,0,0,1.4611,7.53645,0.70516,1.4977,2.36749,0.000130298,0.000130298,0.000130298
9,4.87254,2.16527,6.00618,0.68803,1.8208,2.6335,0.9885,1,0.995,0.646,0,0,0,0,1.29733,7.1493,0.70472,1.57905,2.06903,0.000147328,0.000147328,0.000147328
10,5.35403,0.88662,7.16495,0.69352,0.9137,1.31336,0.98751,1,0.995,0.71217,0,0,0,0,1.16707,7.1543,0.70337,1.46417,1.86353,0.000163962,0.000163962,0.000163962
11,5.83747,1.37736,8.60806,0.69202,1.23534,1.68914,1,0.92005,0.995,0.72883,0,0,0,0,1.06287,6.92008,0.70246,1.27942,1.7076,0.0001802,0.0001802,0.0001802
12,6.32969,0.97299,4.67804,0.71213,1.65617,1.64584,0.9779,1,0.995,0.7455,0,0,0,0,0.91129,6.54618,0.70102,0.93002,1.52127,0.000196042,0.000196042,0.000196042
13,6.81331,1.29726,7.36888,0.70944,1.02599,1.6301,0.9796,1,0.995,0.746,0,0,0,0,0.8952,6.54545,0.69881,0.73193,1.50378,0.000211488,0.000211488,0.000211488
14,7.28978,0.63672,8.90718,0.66484,0.80218,1.23879,0.98024,1,0.995,0.7455,0,0,0,0,0.94517,6.53897,0.69597,0.73539,1.52702,0.000226538,0.000226538,0.000226538
15,7.74175,0.90815,5.23229,0.68155,1.08138,1.43799,0.982,1,0.995,0.6465,0,0,0,0,1.084,6.51574,0.69178,0.80278,1.67153,0.000241192,0.000241192,0.000241192
16,8.24178,0.72485,6.35316,0.68758,0.89904,1.41241,0.97963,1,0.995,0.6465,0,0,0,0,1.19515,6.48839,0.68712,0.90596,1.76197,0.00025545,0.00025545,0.00025545
17,8.6997,0.68502,5.62601,0.66676,0.6857,1.26113,0.97746,1,0.995,0.7955,0,0,0,0,1.09379,6.59155,0.68346,1.09473,1.65045,0.000269312,0.000269312,0.000269312
18,9.14002,0.83185,7.39198,0.71758,0.73529,1.22273,0.97746,1,0.995,0.7955,0,0,0,0,1.09379,6.59155,0.68346,1.09473,1.65045,0.000282778,0.000282778,0.000282778
19,9.6272,0.63822,8.19256,0.68306,0.50117,1.25365,0.97478,1,0.995,0.7955,0,0,0,0,0.76362,6.39872,0.68139,1.26395,1.36134,0.000295848,0.000295848,0.000295848
20,10.0953,0.44273,7.12772,0.67174,0.45245,1.03415,0.97478,1,0.995,0.7955,0,0,0,0,0.76362,6.39872,0.68139,1.26395,1.36134,0.000308522,0.000308522,0.000308522
21,10.5769,0.84491,4.68386,0.66856,0.84993,1.40519,0.95547,1,0.995,0.82075,0,0,0,0,0.73702,6.33073,0.68163,1.07076,1.33258,0.0003208,0.0003208,0.0003208
22,11.0405,0.511,8.16161,0.66549,0.46571,1.20667,0.95547,1,0.995,0.82075,0,0,0,0,0.73702,6.33073,0.68163,1.07076,1.33258,0.000332682,0.000332682,0.000332682
23,11.5399,0.64675,7.30656,0.70706,0.63629,1.21321,0.82164,1,0.995,0.82075,0,0,0,0,0.8677,6.47789,0.68,1.2683,1.27308,0.000344168,0.000344168,0.000344168
24,12.0893,0.5323,4.89971,0.65896,0.57108,1.08661,0.82164,1,0.995,0.82075,0,0,0,0,0.8677,6.47789,0.68,1.2683,1.27308,0.000355258,0.000355258,0.000355258
25,12.658,0.42717,8.02712,0.65119,0.54738,1.03128,0.90019,1,0.995,0.796,0,0,0,0,0.96319,6.36156,0.67694,1.75858,1.21497,0.000365952,0.000365952,0.000365952
26,13.1416,1.23761,4.92787,0.71181,1.69125,1.72635,0.90019,1,0.995,0.796,0,0,0,0,0.96319,6.36156,0.67694,1.75858,1.21497,0.00037625,0.00037625,0.00037625
27,13.6535,0.57795,5.97149,0.65986,0.50965,1.19295,1,0.99523,0.995,0.8955,0,0,0,0,0.65881,6.28043,0.67273,0.78855,1.02101,0.000386152,0.000386152,0.000386152
28,14.1411,0.54997,7.19199,0.65351,0.42698,0.97305,1,0.99523,0.995,0.8955,0,0,0,0,0.65881,6.28043,0.67273,0.78855,1.02101,0.000395658,0.000395658,0.000395658
29,14.6422,0.78048,6.04675,0.72956,0.58191,1.22077,0.98081,1,0.995,0.82075,0,0,0,0,0.74638,6.20298,0.66799,0.93296,1.04391,0.000404768,0.000404768,0.000404768
30,15.1423,0.58112,6.31467,0.71086,0.48456,1.30184,0.98081,1,0.995,0.82075,0,0,0,0,0.74638,6.20298,0.66799,0.93296,1.04391,0.000413482,0.000413482,0.000413482
31,15.6532,0.87148,7.29308,0.66841,0.64883,1.22894,0.96563,1,0.995,0.82075,0,0,0,0,0.95148,6.11892,0.66648,0.91654,1.29712,0.0004218,0.0004218,0.0004218
32,16.1317,0.70913,7.57141,0.67504,0.49341,1.18735,0.96563,1,0.995,0.82075,0,0,0,0,0.95148,6.11892,0.66648,0.91654,1.29712,0.000429722,0.000429722,0.000429722
33,16.6362,0.48598,7.26173,0.67194,0.43826,1.11995,0.95205,1,0.995,0.746,0,0,0,0,0.95485,6.28517,0.65763,0.7973,1.44571,0.000437248,0.000437248,0.000437248
34,17.1601,0.57434,7.14621,0.67798,0.63914,1.20546,0.95205,1,0.995,0.746,0,0,0,0,0.95485,6.28517,0.65763,0.7973,1.44571,0.000444378,0.000444378,0.000444378
35,17.6552,0.33126,6.33598,0.6458,0.47403,0.99221,0.96351,1,0.995,0.746,0,0,0,0,0.95682,6.17498,0.63866,0.75433,1.55291,0.000451112,0.000451112,0.000451112
36,18.1268,0.47286,5.5029,0.63671,0.51011,1.24953,0.96351,1,0.995,0.746,0,0,0,0,0.95682,6.17498,0.63866,0.75433,1.55291,0.00045745,0.00045745,0.00045745
37,18.645,0.76512,4.90451,0.6233,0.61247,1.51682,0.96108,1,0.995,0.82075,0,0,0,0,0.76065,5.65357,0.61229,1.30447,1.29026,0.000463392,0.000463392,0.000463392
38,19.1028,0.64191,5.68187,0.6377,0.55563,1.1094,0.96108,1,0.995,0.82075,0,0,0,0,0.76065,5.65357,0.61229,1.30447,1.29026,0.000468938,0.000468938,0.000468938
39,19.613,0.92762,4.89961,0.64485,1.1576,1.3672,0.97671,1,0.995,0.77075,0,0,0,0,0.61107,5.33128,0.59954,2.37954,0.98669,0.000474088,0.000474088,0.000474088
40,20.0897,1.00503,5.94736,0.66545,0.77702,1.62161,0.97671,1,0.995,0.77075,0,0,0,0,0.61107,5.33128,0.59954,2.37954,0.98669,0.000478842,0.000478842,0.000478842
41,20.6247,0.6206,4.81337,0.64078,0.43075,1.14449,0.98112,1,0.995,0.82075,0.49056,0.5,0.2475,0.02475,0.50585,5.4452,0.59286,3.10906,0.79419,0.0004832,0.0004832,0.0004832
42,21.1049,0.62834,4.77648,0.69121,0.55899,1.2652,0.98112,1,0.995,0.82075,0.49056,0.5,0.2475,0.02475,0.50585,5.4452,0.59286,3.10906,0.79419,0.000487162,0.000487162,0.000487162
43,21.6654,0.62547,4.55747,0.64661,0.56058,1.30831,0.96698,1,0.995,0.8955,0,0,0,0,0.55046,5.2902,0.57675,3.073,0.8132,0.000490728,0.000490728,0.000490728
44,22.1442,1.10949,4.54926,0.72893,0.85797,1.69956,0.96698,1,0.995,0.8955,0,0,0,0,0.55046,5.2902,0.57675,3.073,0.8132,0.000493898,0.000493898,0.000493898
45,22.644,0.68342,3.78327,0.66064,0.50692,1.42688,0.97341,1,0.995,0.8955,0,0,0,0,0.58844,6.14003,0.58244,3.03057,0.85353,0.000496672,0.000496672,0.000496672
46,23.1074,1.62286,4.97588,0.65184,1.01225,1.91169,0.97341,1,0.995,0.8955,0,0,0,0,0.58844,6.14003,0.58244,3.03057,0.85353,0.00049905,0.00049905,0.00049905
47,23.6203,0.82199,4.22136,0.62826,0.68985,1.28617,0.495,1,0.995,0.82075,0,0,0,0,0.80833,7.05866,0.58328,3.52123,1.05844,0.000501032,0.000501032,0.000501032
48,24.0945,0.68503,6.05199,0.63297,0.68818,1.13338,0.495,1,0.995,0.82075,0,0,0,0,0.80833,7.05866,0.58328,3.52123,1.05844,0.000502618,0.000502618,0.000502618
49,24.5963,0.61468,4.92392,0.64537,0.5092,1.29666,0.66103,1,0.995,0.82075,0,0,0,0,0.85573,7.00439,0.57046,3.0251,1.21351,0.000503808,0.000503808,0.000503808
50,25.0587,0.81544,6.53835,0.61796,0.61152,1.42135,0.66103,1,0.995,0.82075,0,0,0,0,0.85573,7.00439,0.57046,3.0251,1.21351,0.000504602,0.000504602,0.000504602
51,25.6464,0.55481,6.31806,0.62792,0.48337,1.01675,0.88596,1,0.995,0.82075,0.32858,0.5,0.165,0.0165,0.77671,6.28525,0.53497,1.40506,1.24629,0.000505,0.000505,0.000505
52,26.1334,0.56371,2.4085,0.62033,0.74536,1.12308,0.88596,1,0.995,0.82075,0.32858,0.5,0.165,0.0165,0.77671,6.28525,0.53497,1.40506,1.24629,0.000505002,0.000505002,0.000505002
53,26.6454,0.68871,2.33608,0.62583,0.92562,1.17433,0.88596,1,0.995,0.82075,0.32858,0.5,0.165,0.0165,0.77671,6.28525,0.53497,1.40506,1.24629,0.000504608,0.000504608,0.000504608
54,27.1597,0.52824,5.71802,0.64794,0.46654,1.13002,0.98287,1,0.995,0.8955,0,0,0,0,0.62961,6.11156,0.5041,0.62385,1.06197,0.000503818,0.000503818,0.000503818
55,27.6833,0.58108,5.84173,0.6716,0.58214,1.28496,0.98287,1,0.995,0.8955,0,0,0,0,0.62961,6.11156,0.5041,0.62385,1.06197,0.000502632,0.000502632,0.000502632
56,28.1902,0.52146,6.63843,0.63679,0.5109,1.15631,0.98287,1,0.995,0.8955,0,0,0,0,0.62961,6.11156,0.5041,0.62385,1.06197,0.00050105,0.00050105,0.00050105
57,28.677,0.54915,6.25271,0.61215,0.4487,1.07164,0.98274,1,0.995,0.8955,0,0,0,0,0.71256,5.84212,0.48277,0.79171,0.99072,0.000499072,0.000499072,0.000499072
58,29.1366,0.63356,5.76119,0.63959,0.53491,1.17291,0.98274,1,0.995,0.8955,0,0,0,0,0.71256,5.84212,0.48277,0.79171,0.99072,0.000496698,0.000496698,0.000496698
59,29.6448,0.4981,4.14487,0.65806,0.48084,1.25257,0.98274,1,0.995,0.8955,0,0,0,0,0.71256,5.84212,0.48277,0.79171,0.99072,0.000493928,0.000493928,0.000493928
60,30.1882,0.59409,5.90589,0.62157,0.41567,1.15721,0.9828,1,0.995,0.8955,0,0,0,0,0.85843,5.59417,0.48159,1.07057,1.16478,0.000490762,0.000490762,0.000490762
61,30.6544,0.41416,6.41061,0.63179,0.38533,0.92192,0.9828,1,0.995,0.8955,0,0,0,0,0.85843,5.59417,0.48159,1.07057,1.16478,0.0004872,0.0004872,0.0004872
62,31.1139,0.52323,5.22897,0.61037,0.4321,1.07742,0.9828,1,0.995,0.8955,0,0,0,0,0.85843,5.59417,0.48159,1.07057,1.16478,0.000483242,0.000483242,0.000483242
63,31.6228,0.51555,3.40691,0.59816,0.36954,1.0154,0.98252,1,0.995,0.8455,0.49089,0.5,0.2475,0.02475,1.03781,5.15338,0.47855,0.99048,1.51414,0.000478888,0.000478888,0.000478888
64,32.0826,1.09415,6.66729,0.61469,0.72838,1.53594,0.98252,1,0.995,0.8455,0.49089,0.5,0.2475,0.02475,1.03781,5.15338,0.47855,0.99048,1.51414,0.000474138,0.000474138,0.000474138
65,32.5627,2.02206,6.59412,0.62919,1.26627,2.22992,0.98252,1,0.995,0.8455,0.49089,0.5,0.2475,0.02475,1.03781,5.15338,0.47855,0.99048,1.51414,0.000468992,0.000468992,0.000468992
66,33.0504,0.51827,4.7988,0.60754,0.47409,1.03833,0.97958,1,0.995,0.8955,0,0,0,0,1.02365,4.63853,0.45758,1.10004,1.77227,0.00046345,0.00046345,0.00046345
67,33.5222,0.77594,5.87067,0.65117,0.67085,1.41695,0.97958,1,0.995,0.8955,0,0,0,0,1.02365,4.63853,0.45758,1.10004,1.77227,0.000457512,0.000457512,0.000457512
68,34.0468,0.91449,6.17405,0.61881,0.6658,1.54443,0.97958,1,0.995,0.8955,0,0,0,0,1.02365,4.63853,0.45758,1.10004,1.77227,0.000451178,0.000451178,0.000451178
69,34.5389,0.58296,4.14775,0.62944,0.41411,1.03514,0.98166,1,0.995,0.8955,0,0,0,0,0.87858,4.62863,0.45412,0.86389,1.42318,0.000444448,0.000444448,0.000444448
70,35.0023,0.66378,4.69766,0.6515,0.52115,0.90007,0.98166,1,0.995,0.8955,0,0,0,0,0.87858,4.62863,0.45412,0.86389,1.42318,0.000437322,0.000437322,0.000437322
71,35.4683,0.74521,4.93028,0.65048,0.61911,1.2938,0.98166,1,0.995,0.8955,0,0,0,0,0.87858,4.62863,0.45412,0.86389,1.42318,0.0004298,0.0004298,0.0004298
72,35.959,0.61029,6.90368,0.60794,0.93939,1.2887,0.98255,1,0.995,0.8955,0,0,0,0,0.72282,4.72549,0.44257,0.6308,1.10549,0.000421882,0.000421882,0.000421882
73,36.4582,0.3855,3.27837,0.62878,0.45475,1.11694,0.98255,1,0.995,0.8955,0,0,0,0,0.72282,4.72549,0.44257,0.6308,1.10549,0.000413568,0.000413568,0.000413568
74,36.9376,0.69795,1.8791,0.65256,0.59399,1.34317,0.98255,1,0.995,0.8955,0,0,0,0,0.72282,4.72549,0.44257,0.6308,1.10549,0.000404858,0.000404858,0.000404858
75,37.4738,0.44114,5.50952,0.62036,0.41706,0.9801,0.98294,1,0.995,0.8955,0,0,0,0,0.60139,4.89008,0.43562,0.54272,0.96515,0.000395752,0.000395752,0.000395752
76,38.0011,0.43743,5.33931,0.62143,0.48684,1.27727,0.98294,1,0.995,0.8955,0,0,0,0,0.60139,4.89008,0.43562,0.54272,0.96515,0.00038625,0.00038625,0.00038625
77,38.4734,0.40949,4.43829,0.60583,0.41745,1.04052,0.98294,1,0.995,0.8955,0,0,0,0,0.60139,4.89008,0.43562,0.54272,0.96515,0.000376352,0.000376352,0.000376352
78,38.9676,0.51103,5.45617,0.61912,0.4366,1.13121,0.98302,1,0.995,0.8955,0,0,0,0,0.50756,4.96496,0.43649,0.52449,0.877,0.000366058,0.000366058,0.000366058
79,39.4345,0.52332,4.31724,0.65815,0.47282,1.08387,0.98302,1,0.995,0.8955,0,0,0,0,0.50756,4.96496,0.43649,0.52449,0.877,0.000355368,0.000355368,0.000355368
80,39.8986,0.82422,3.95699,0.6235,0.72732,1.43082,0.98302,1,0.995,0.8955,0,0,0,0,0.50756,4.96496,0.43649,0.52449,0.877,0.000344282,0.000344282,0.000344282
81,40.3839,0.43845,2.3905,0.61505,0.40241,1.17679,0.98287,1,0.995,0.8955,0.49126,0.5,0.2475,0.02475,0.50518,4.90494,0.43282,0.55952,0.93252,0.0003328,0.0003328,0.0003328
82,40.8643,0.36633,3.14458,0.61091,0.37756,0.98398,0.98287,1,0.995,0.8955,0.49126,0.5,0.2475,0.02475,0.50518,4.90494,0.43282,0.55952,0.93252,0.000320922,0.000320922,0.000320922
83,41.3404,0.22297,3.87148,0.56536,0.26836,0.96453,0.98287,1,0.995,0.8955,0.49126,0.5,0.2475,0.02475,0.50518,4.90494,0.43282,0.55952,0.93252,0.000308648,0.000308648,0.000308648
84,41.8909,0.41541,4.7757,0.61783,0.45733,1.21503,0.98146,1,0.995,0.8955,0.49073,0.5,0.2475,0.0495,0.52228,4.87327,0.42949,0.70183,0.92976,0.000295978,0.000295978,0.000295978
85,42.3652,0.44775,5.77898,0.60251,0.44892,1.16162,0.98146,1,0.995,0.8955,0.49073,0.5,0.2475,0.0495,0.52228,4.87327,0.42949,0.70183,0.92976,0.000282912,0.000282912,0.000282912
86,42.833,0.66192,3.55327,0.58796,0.59654,1.37779,0.98146,1,0.995,0.8955,0.49073,0.5,0.2475,0.0495,0.52228,4.87327,0.42949,0.70183,0.92976,0.00026945,0.00026945,0.00026945
87,43.2933,0.63765,3.73354,0.59921,0.34897,1.06333,0.98146,1,0.995,0.8955,0.49073,0.5,0.2475,0.0495,0.52228,4.87327,0.42949,0.70183,0.92976,0.000255592,0.000255592,0.000255592
88,43.7783,0.37649,4.97981,0.6703,0.38313,1.01741,0.98154,1,0.995,0.8955,0.49169,0.5,0.495,0.0495,0.56237,4.65768,0.43976,0.70274,0.97638,0.000241338,0.000241338,0.000241338
89,44.2398,0.3262,3.38637,0.56601,0.4793,1.06528,0.98154,1,0.995,0.8955,0.49169,0.5,0.495,0.0495,0.56237,4.65768,0.43976,0.70274,0.97638,0.000226688,0.000226688,0.000226688
90,44.7051,0.4565,4.44724,0.61251,0.34876,0.9669,0.98154,1,0.995,0.8955,0.49169,0.5,0.495,0.0495,0.56237,4.65768,0.43976,0.70274,0.97638,0.000211642,0.000211642,0.000211642
91,45.1753,0.43335,3.79625,0.4966,0.43022,1.26716,0.98154,1,0.995,0.8955,0.49169,0.5,0.495,0.0495,0.56237,4.65768,0.43976,0.70274,0.97638,0.0001962,0.0001962,0.0001962
92,45.6939,0.30716,3.90448,0.48682,0.47584,1.18861,0.98273,1,0.995,0.945,0,0,0,0,0.52055,4.45463,0.44285,0.47352,0.90937,0.000180362,0.000180362,0.000180362
93,46.208,0.46749,4.19369,0.49458,0.86981,1.13822,0.98273,1,0.995,0.945,0,0,0,0,0.52055,4.45463,0.44285,0.47352,0.90937,0.000164128,0.000164128,0.000164128
94,46.6621,0.2821,3.93731,0.47976,0.76363,1.08657,0.98273,1,0.995,0.945,0,0,0,0,0.52055,4.45463,0.44285,0.47352,0.90937,0.000147498,0.000147498,0.000147498
95,47.1394,0.45135,4.27061,0.48152,0.37601,1.21679,0.98273,1,0.995,0.945,0,0,0,0,0.52055,4.45463,0.44285,0.47352,0.90937,0.000130472,0.000130472,0.000130472
96,47.6315,0.3376,3.55823,0.4951,0.51788,1.09728,0.98301,1,0.995,0.945,0,0,0,0,0.46127,4.39482,0.45631,0.39936,0.86854,0.00011305,0.00011305,0.00011305
97,48.1047,0.49441,3.53339,0.49664,0.30906,1.19937,0.98301,1,0.995,0.945,0,0,0,0,0.46127,4.39482,0.45631,0.39936,0.86854,9.5232e-05,9.5232e-05,9.5232e-05
98,48.5843,0.56601,3.85458,0.49233,0.40753,1.32489,0.98301,1,0.995,0.945,0,0,0,0,0.46127,4.39482,0.45631,0.39936,0.86854,7.7018e-05,7.7018e-05,7.7018e-05
99,49.046,0.32252,5.06777,0.49384,0.72767,0.96627,0.98301,1,0.995,0.945,0,0,0,0,0.46127,4.39482,0.45631,0.39936,0.86854,5.8408e-05,5.8408e-05,5.8408e-05
100,49.545,0.35378,3.60677,0.49163,0.41021,1.2722,0.98293,1,0.995,0.995,0.49266,0.5,0.695,0.09425,0.423,4.32996,0.46274,0.42283,0.83834,3.9402e-05,3.9402e-05,3.9402e-05
